,pcode,practice,track,A_or_B_track,trial,revs,up_in_a_row,down_in_a_row,cur_back_ang,"(np.False_, 'mean_backAng')","(np.True_, 'mean_backAng')"
0,!,True,0,B,1,0,0,0,6.34,7.540000000000001,1.3333333333333333
1,!,True,0,B,2,0,0,0,7.34,7.540000000000001,1.3333333333333333
2,!,True,0,B,3,1,0,1,7.34,7.540000000000001,1.3333333333333333
3,!,True,0,B,4,2,0,0,8.34,7.540000000000001,1.3333333333333333
4,!,True,0,B,5,3,0,1,8.34,7.540000000000001,1.3333333333333333
5,!,True,1,A,1,1,0,0,1.0,7.540000000000001,1.3333333333333333
6,!,True,1,A,2,2,0,1,1.0,7.540000000000001,1.3333333333333333
7,!,True,1,A,3,3,0,0,2.0,7.540000000000001,1.3333333333333333
