,code,condition,scrolling_direction,sdt_resp_cat,RT
0,pcs,ZIAF,Fwd,FA,0.4843261241912842
1,pcs,ZIPS,Fwd,Hit,0.0010042190551757812
2,pcs,ZOPF,Fwd,Hit,1.1859853267669678
3,pcs,ZOPF,Fwd,Hit,0.0010447502136230469
4,pcs,ZIAS,Bwd,CR,1.0497756004333496
5,pcs,ZIPS,Bwd,Miss,0.0012934207916259766
6,pcs,ZOPF,Fwd,Hit,0.8012232780456543
7,pcs,ZOAF,Fwd,FA,0.0019805431365966797
8,pcs,ZIPF,Bwd,Miss,1.0662717819213867
9,pcs,ZOAS,Bwd,CR,1.1639657020568848
