,code,condition,scrolling_direction,sdt_resp_cat,RT
0,pcs,ZOAS,Bwd,CR,0.6999707221984863
1,pcs,ZIAS,Bwd,CR,0.0013201236724853516
2,pcs,ZIAS,Bwd,CR,0.8681991100311279
3,pcs,ZOAF,Bwd,CR,0.0004050731658935547
4,pcs,ZOAF,Bwd,CR,1.1974689960479736
5,pcs,ZOPF,Bwd,Miss,0.002406597137451172
6,pcs,ZOAS,Bwd,CR,1.3983564376831055
7,pcs,ZOAF,Bwd,CR,0.0010039806365966797
8,pcs,ZIPF,Fwd,Hit,1.1145961284637451
9,pcs,ZIAF,Fwd,FA,0.000885009765625
