,code,condition,scrolling_direction,sdt_resp_cat,RT
0,pcs,ZIPS,Fwd,Hit,1.133378028869629
1,pcs,ZOPS,Fwd,Hit,0.0010080337524414062
2,pcs,ZOAF,Bwd,CR,1.016493320465088
3,pcs,ZIPF,Bwd,Miss,0.001010894775390625
4,pcs,ZOAF,Bwd,CR,2.0978386402130127
5,pcs,ZOAS,Bwd,CR,0.0012063980102539062
6,pcs,ZOPS,Fwd,Hit,1.0667190551757812
7,pcs,ZIAS,Bwd,CR,2.1826767921447754
8,pcs,ZIAS,Bwd,CR,2.599648952484131
9,pcs,ZIAF,Bwd,CR,2.217529058456421
